-- Customer table
insert into customer (customer_id, customer_name, customer_city, loan_number, transaction_id, card_number, account_number) values (1, 'Dulcinea Gaiford', 'Larangan',1,1,1,1);
insert into customer (customer_id, customer_name, customer_city, loan_number, transaction_id, card_number, account_number) values (2, 'Heida Meeks', 'Vaiamonte',2,2,2,2);
insert into customer (customer_id, customer_name, customer_city, loan_number, transaction_id, card_number, account_number) values (3, 'Dani Rainsden', 'Dzhetygara',3,3,3,3);
insert into customer (customer_id, customer_name, customer_city, loan_number, transaction_id, card_number, account_number) values (4, 'Brynn Speir', 'Belica',4,4,4,4);
insert into customer (customer_id, customer_name, customer_city, loan_number, transaction_id, card_number, account_number) values (5, 'Eduard Vaillant', 'Navais',5,5,5,5);
insert into customer (customer_id, customer_name, customer_city, loan_number, transaction_id, card_number, account_number) values (6, 'Evita Shovlin', 'Guardizela',6,6,6,6);
insert into customer (customer_id, customer_name, customer_city, loan_number, transaction_id, card_number, account_number) values (7, 'Yolande Cromblehome', 'Storuman',7,7,7,7);
insert into customer (customer_id, customer_name, customer_city, loan_number, transaction_id, card_number, account_number) values (8, 'Sile Milier', 'Gaoling',8,8,8,8);
insert into customer (customer_id, customer_name, customer_city, loan_number, transaction_id, card_number, account_number) values (9, 'Goldarina Doddrell', 'Thị Trấn Mù Cang Chải',9,9,9,9);
insert into customer (customer_id, customer_name, customer_city, loan_number, transaction_id, card_number, account_number) values (10, 'Chelsey Jeens', 'Korisós',10,10,10,10);
insert into customer (customer_id, customer_name, customer_city, loan_number, transaction_id, card_number, account_number) values (11, 'Cosmo Collete', 'Longaví',11,11,11,11);
insert into customer (customer_id, customer_name, customer_city, loan_number, transaction_id, card_number, account_number) values (12, 'Denice Jacqueminet', 'Zongga',12,12,12,12);
insert into customer (customer_id, customer_name, customer_city, loan_number, transaction_id, card_number, account_number) values (13, 'Tasia Brookshaw', 'Takayama',13,13,13,13);
insert into customer (customer_id, customer_name, customer_city, loan_number, transaction_id, card_number, account_number) values (14, 'Dwight Mougeot', 'Oslo',14,14,14,14);
insert into customer (customer_id, customer_name, customer_city, loan_number, transaction_id, card_number, account_number) values (15, 'Muhammad Koenen', 'As Saddah',15,15,15,15);
insert into customer (customer_id, customer_name, customer_city, loan_number, transaction_id, card_number, account_number) values (16, 'Dagmar Kerby', 'Anrong',16,16,16,16);
insert into customer (customer_id, customer_name, customer_city, loan_number, transaction_id, card_number, account_number) values (17, 'Tabbatha Hawney', 'Luleå',17,17,17,17);
insert into customer (customer_id, customer_name, customer_city, loan_number, transaction_id, card_number, account_number) values (18, 'Tobye Divill', 'San Onofre',18,18,18,18);
insert into customer (customer_id, customer_name, customer_city, loan_number, transaction_id, card_number, account_number) values (19, 'Gelya Forstall', 'Karangbenda',19,19,19,19);
insert into customer (customer_id, customer_name, customer_city, loan_number, transaction_id, card_number, account_number) values (20, 'Sherilyn Bruckental', 'Dakingari',20,20,20,20);
select * from customer;
--delete from customer;
--branch
insert into branch (branch_name, branch_city, branch_type, assets, loan_number, transaction_id) values (1, 'Nizhniye Achaluki', 'ATM', 719810, 1, 1);
insert into branch (branch_name, branch_city, branch_type, assets, loan_number, transaction_id) values (2, 'Stapleford', 'ATM', 546963, 2, 2);
insert into branch (branch_name, branch_city, branch_type, assets, loan_number, transaction_id) values (3, 'Marseille', 'ATM', 551266, 3 ,3);
insert into branch (branch_name, branch_city, branch_type, assets, loan_number, transaction_id) values (4, 'Rosebank', 'ATM', 784453, 4, 4);
insert into branch (branch_name, branch_city, branch_type, assets, loan_number, transaction_id) values (5, 'Bairro dos Marinheiros', 'ATM', 239065, 5, 5);
insert into branch (branch_name, branch_city, branch_type, assets, loan_number, transaction_id) values (6, 'Ciudad Sandino', 'ATM', 205432, 6, 6);
insert into branch (branch_name, branch_city, branch_type, assets, loan_number, transaction_id) values (7, 'Choco', 'ATM', 988956, 7, 7);
insert into branch (branch_name, branch_city, branch_type, assets, loan_number, transaction_id) values (8, 'Leon', 'ATM', 796632, 8, 8);
insert into branch (branch_name, branch_city, branch_type, assets, loan_number, transaction_id) values (9, 'Asahi', 'ATM', 374594, 9, 9);
insert into branch (branch_name, branch_city, branch_type, assets, loan_number, transaction_id) values (10, 'Svorónos', 'ATM', 691845, 10, 10);
insert into branch (branch_name, branch_city, branch_type, assets, loan_number, transaction_id) values (11, 'Zhuqi', 'Teller', 439419, 11, 11);
insert into branch (branch_name, branch_city, branch_type, assets, loan_number, transaction_id) values (12, 'Pālang', 'Teller', 873218, 12, 12);
insert into branch (branch_name, branch_city, branch_type, assets, loan_number, transaction_id) values (13, 'Bhokadoke', 'Teller', 587937, 13, 13);
insert into branch (branch_name, branch_city, branch_type, assets, loan_number, transaction_id) values (14, 'Lý Sơn', 'Teller', 393146, 14, 14);
insert into branch (branch_name, branch_city, branch_type, assets, loan_number, transaction_id) values (15, 'Nhà Bè', 'Teller', 152404, 15, 15);
insert into branch (branch_name, branch_city, branch_type, assets, loan_number, transaction_id) values (16, 'Mijiang', 'Teller', 638837, 16, 16);
insert into branch (branch_name, branch_city, branch_type, assets, loan_number, transaction_id) values (17, 'Yonggu', 'Teller', 591153, 17, 17);
insert into branch (branch_name, branch_city, branch_type, assets, loan_number, transaction_id) values (18, 'Świecie', 'Teller', 398771, 18, 18);
insert into branch (branch_name, branch_city, branch_type, assets, loan_number, transaction_id) values (19, 'Tucson', 'Teller', 454835, 19, 19);
insert into branch (branch_name, branch_city, branch_type, assets, loan_number, transaction_id) values (20, 'Kiboga', 'Teller', 858352, 20 ,20);
insert into branch (branch_name, branch_city, branch_type, assets, loan_number, transaction_id) values (21, 'Philadelphia', 'ATM', 919810, 1, 21);
insert into branch (branch_name, branch_city, branch_type, assets, loan_number, transaction_id) values (22, 'Boston', 'ATM', 646863, 2, 22);
insert into branch (branch_name, branch_city, branch_type, assets, loan_number, transaction_id) values (23, 'Harrisburg', 'ATM', 651466, 3 , 23);
insert into branch (branch_name, branch_city, branch_type, assets, loan_number, transaction_id) values (24, 'Paris', 'ATM', 884854, 4, 24);
insert into branch (branch_name, branch_city, branch_type, assets, loan_number, transaction_id) values (25, 'Seoul', 'ATM', 239265, 5, 25);
insert into branch (branch_name, branch_city, branch_type, assets, loan_number, transaction_id) values (26, 'Tokyo', 'ATM', 205532, 6, 26);
insert into branch (branch_name, branch_city, branch_type, assets, loan_number, transaction_id) values (27, 'Berlin', 'ATM', 988966, 7, 27);
insert into branch (branch_name, branch_city, branch_type, assets, loan_number, transaction_id) values (28, 'Danang', 'ATM', 795642, 8, 28);
insert into branch (branch_name, branch_city, branch_type, assets, loan_number, transaction_id) values (29, 'Bethlehem', 'ATM', 384697, 9, 29);
insert into branch (branch_name, branch_city, branch_type, assets, loan_number, transaction_id) values (30, 'Chester', 'ATM', 593879, 10, 30);
--select * from branch;
--delete from branch;
--loan
insert into loan (loan_number, loan_type, interest_rate, monthly_payment, branch_name) values (1, 'mortagage', 0.35, 382, 1);
insert into loan (loan_number, loan_type, interest_rate, monthly_payment, branch_name) values (2, 'mortagage', 0.54, 411, 2);
insert into loan (loan_number, loan_type, interest_rate, monthly_payment, branch_name) values (3, 'mortagage', 0.48, 445, 3);
insert into loan (loan_number, loan_type, interest_rate, monthly_payment, branch_name) values (4, 'mortagage', 0.26, 250, 4);
insert into loan (loan_number, loan_type, interest_rate, monthly_payment, branch_name) values (5, 'mortagage', 0.12, 353, 5);
insert into loan (loan_number, loan_type, interest_rate, monthly_payment, branch_name) values (6, 'mortagage', 0.79, 389, 6);
insert into loan (loan_number, loan_type, interest_rate, monthly_payment, branch_name) values (7, 'mortagage', 0.68, 457, 7);
insert into loan (loan_number, loan_type, interest_rate, monthly_payment, branch_name) values (8, 'mortagage', 0.66, 339, 8);
insert into loan (loan_number, loan_type, interest_rate, monthly_payment, branch_name) values (9, 'mortagage', 0.67, 840, 9);
insert into loan (loan_number, loan_type, interest_rate, monthly_payment, branch_name) values (10, 'mortagage', 0.14, 788, 10);
insert into loan (loan_number, loan_type, interest_rate, monthly_payment, branch_name) values (11, 'unsecured', 0.46, 191, 11);
insert into loan (loan_number, loan_type, interest_rate, monthly_payment, branch_name) values (12, 'unsecured', 0.73, 974, 12);
insert into loan (loan_number, loan_type, interest_rate, monthly_payment, branch_name) values (13, 'unsecured', 0.85, 225, 13);
insert into loan (loan_number, loan_type, interest_rate, monthly_payment, branch_name) values (14, 'unsecured', 0.44, 295, 14);
insert into loan (loan_number, loan_type, interest_rate, monthly_payment, branch_name) values (15, 'unsecured', 0.45, 784, 15);
insert into loan (loan_number, loan_type, interest_rate, monthly_payment, branch_name) values (16, 'unsecured', 0.8, 273, 16);
insert into loan (loan_number, loan_type, interest_rate, monthly_payment, branch_name) values (17, 'unsecured', 0.29, 966, 17);
insert into loan (loan_number, loan_type, interest_rate, monthly_payment, branch_name) values (18, 'unsecured', 0.33, 511, 18);
insert into loan (loan_number, loan_type, interest_rate, monthly_payment, branch_name) values (19, 'unsecured', 0.4, 532, 19);
insert into loan (loan_number, loan_type, interest_rate, monthly_payment, branch_name) values (20, 'unsecured', 0.18, 376, 20);
select * from loan;
--delete from loan;
--payment
insert into loan_payment (payment_number, amount, payment_date, loan_number) values (1, 2576, TO_DATE('2019-12-08','YYYY-MM-DD'), 1);
insert into loan_payment (payment_number, amount, payment_date, loan_number) values (2, 9073, TO_DATE('2019-05-04','YYYY-MM-DD'), 2);
insert into loan_payment (payment_number, amount, payment_date, loan_number) values (3, 1985, TO_DATE('2019-08-14','YYYY-MM-DD'), 3);
insert into loan_payment (payment_number, amount, payment_date, loan_number) values (4, 1963, TO_DATE('2020-01-19','YYYY-MM-DD'), 4);
insert into loan_payment (payment_number, amount, payment_date, loan_number) values (5, 8635, TO_DATE('2020-02-22','YYYY-MM-DD'), 5);
insert into loan_payment (payment_number, amount, payment_date, loan_number) values (6, 9072, TO_DATE('2019-06-20','YYYY-MM-DD'), 6 );
insert into loan_payment (payment_number, amount, payment_date, loan_number) values (7, 1804, TO_DATE('2019-07-23','YYYY-MM-DD'), 7);
insert into loan_payment (payment_number, amount, payment_date, loan_number) values (8, 6012, TO_DATE('2019-08-16','YYYY-MM-DD'), 8);
insert into loan_payment (payment_number, amount, payment_date, loan_number) values (9, 1475, TO_DATE('2019-07-19','YYYY-MM-DD'), 9);
insert into loan_payment (payment_number, amount, payment_date, loan_number) values (10, 1258, TO_DATE('2019-07-31','YYYY-MM-DD'), 10);
insert into loan_payment (payment_number, amount, payment_date, loan_number) values (11, 2433, TO_DATE('2019-11-13','YYYY-MM-DD'), 11);
insert into loan_payment (payment_number, amount, payment_date, loan_number) values (12, 3417, TO_DATE('2019-08-07','YYYY-MM-DD'), 12);
insert into loan_payment (payment_number, amount, payment_date, loan_number) values (13, 1351, TO_DATE('2019-05-02','YYYY-MM-DD'), 13);
insert into loan_payment (payment_number, amount, payment_date, loan_number) values (14, 8851, TO_DATE('2019-12-10','YYYY-MM-DD'), 14);
insert into loan_payment (payment_number, amount, payment_date, loan_number) values (15, 6850, TO_DATE('2019-05-07','YYYY-MM-DD'), 15);
insert into loan_payment (payment_number, amount, payment_date, loan_number) values (16, 7443, TO_DATE('2019-09-28','YYYY-MM-DD'), 16);
insert into loan_payment (payment_number, amount, payment_date, loan_number) values (17, 2352, TO_DATE('2019-10-21','YYYY-MM-DD'), 17);
insert into loan_payment (payment_number, amount, payment_date, loan_number) values (18, 9422, TO_DATE('2019-10-27','YYYY-MM-DD'), 18);
insert into loan_payment (payment_number, amount, payment_date, loan_number) values (19, 1300, TO_DATE('2020-01-28','YYYY-MM-DD'), 19);
insert into loan_payment (payment_number, amount, payment_date, loan_number) values (20, 8206, TO_DATE('2020-02-18','YYYY-MM-DD'), 20);
select * from loan_payment;
--delete from loan_payment;
--transaction
insert into transaction (transaction_id, branch_name, transaction_date, customer_id) values (1, 1, TO_DATE('2019-12-29','YYYY-MM-DD'), 1);
insert into transaction (transaction_id, branch_name, transaction_date, customer_id) values (2, 2, TO_DATE('2019-11-30','YYYY-MM-DD'), 2);
insert into transaction (transaction_id, branch_name, transaction_date, customer_id) values (3, 3, TO_DATE('2019-07-16','YYYY-MM-DD'), 3);
insert into transaction (transaction_id, branch_name, transaction_date, customer_id) values (4, 4, TO_DATE('2019-09-27','YYYY-MM-DD'), 4);
insert into transaction (transaction_id, branch_name, transaction_date, customer_id) values (5, 5, TO_DATE('2019-07-10','YYYY-MM-DD'), 5);
insert into transaction (transaction_id, branch_name, transaction_date, customer_id) values (6, 6, TO_DATE('2019-08-02','YYYY-MM-DD'), 6);
insert into transaction (transaction_id, branch_name, transaction_date, customer_id) values (7, 7, TO_DATE('2019-08-22','YYYY-MM-DD'), 7);
insert into transaction (transaction_id, branch_name, transaction_date, customer_id) values (8, 8, TO_DATE('2020-02-07','YYYY-MM-DD'), 8);
insert into transaction (transaction_id, branch_name, transaction_date, customer_id) values (9, 9, TO_DATE('2019-04-05','YYYY-MM-DD'), 9);
insert into transaction (transaction_id, branch_name, transaction_date, customer_id) values (10, 10, TO_DATE('2019-05-21','YYYY-MM-DD'), 10);
insert into transaction (transaction_id, branch_name, transaction_date, customer_id) values (11, 11, TO_DATE('2019-10-28','YYYY-MM-DD'), 11);
insert into transaction (transaction_id, branch_name, transaction_date, customer_id) values (12, 12, TO_DATE('2019-08-14','YYYY-MM-DD'), 12);
insert into transaction (transaction_id, branch_name, transaction_date, customer_id) values (13, 13, TO_DATE('2020-02-21','YYYY-MM-DD'), 13);
insert into transaction (transaction_id, branch_name, transaction_date, customer_id) values (14, 14, TO_DATE('2019-04-20','YYYY-MM-DD'), 14);
insert into transaction (transaction_id, branch_name, transaction_date, customer_id) values (15, 15, TO_DATE('2019-11-27','YYYY-MM-DD'), 15);
insert into transaction (transaction_id, branch_name, transaction_date, customer_id) values (16, 16, TO_DATE('2019-12-07','YYYY-MM-DD'), 16);
insert into transaction (transaction_id, branch_name, transaction_date, customer_id) values (17, 17, TO_DATE('2019-08-16','YYYY-MM-DD'), 17);
insert into transaction (transaction_id, branch_name, transaction_date, customer_id) values (18, 18, TO_DATE('2020-01-22','YYYY-MM-DD'), 18);
insert into transaction (transaction_id, branch_name, transaction_date, customer_id) values (19, 19, TO_DATE('2019-06-10','YYYY-MM-DD'), 19);
insert into transaction (transaction_id, branch_name, transaction_date, customer_id) values (20, 20, TO_DATE('2019-08-07','YYYY-MM-DD'), 20);
insert into transaction (transaction_id, branch_name, transaction_date, customer_id) values (21, 1, TO_DATE('2019-01-28','YYYY-MM-DD'), 1);
insert into transaction (transaction_id, branch_name, transaction_date, customer_id) values (22, 2, TO_DATE('2019-11-24','YYYY-MM-DD'), 2);
insert into transaction (transaction_id, branch_name, transaction_date, customer_id) values (23, 3, TO_DATE('2019-06-14','YYYY-MM-DD'), 3);
insert into transaction (transaction_id, branch_name, transaction_date, customer_id) values (24, 4, TO_DATE('2019-04-27','YYYY-MM-DD'), 4);
insert into transaction (transaction_id, branch_name, transaction_date, customer_id) values (25, 5, TO_DATE('2019-06-10','YYYY-MM-DD'), 5);
insert into transaction (transaction_id, branch_name, transaction_date, customer_id) values (26, 6, TO_DATE('2019-04-02','YYYY-MM-DD'), 6);
insert into transaction (transaction_id, branch_name, transaction_date, customer_id) values (27, 7, TO_DATE('2019-08-22','YYYY-MM-DD'), 7);
insert into transaction (transaction_id, branch_name, transaction_date, customer_id) values (28, 8, TO_DATE('2020-03-07','YYYY-MM-DD'), 8);
insert into transaction (transaction_id, branch_name, transaction_date, customer_id) values (29, 9, TO_DATE('2019-05-05','YYYY-MM-DD'), 9);
insert into transaction (transaction_id, branch_name, transaction_date, customer_id) values (30, 10, TO_DATE('2019-06-21','YYYY-MM-DD'), 10);
insert into transaction (transaction_id, branch_name, transaction_date, customer_id) values (31, 1, TO_DATE('2019-11-29','YYYY-MM-DD'), 1);
insert into transaction (transaction_id, branch_name, transaction_date, customer_id) values (32, 2, TO_DATE('2019-10-30','YYYY-MM-DD'), 2);
insert into transaction (transaction_id, branch_name, transaction_date, customer_id) values (33, 3, TO_DATE('2019-08-16','YYYY-MM-DD'), 3);
insert into transaction (transaction_id, branch_name, transaction_date, customer_id) values (34, 4, TO_DATE('2019-05-27','YYYY-MM-DD'), 4);
insert into transaction (transaction_id, branch_name, transaction_date, customer_id) values (35, 5, TO_DATE('2019-06-10','YYYY-MM-DD'), 5);
insert into transaction (transaction_id, branch_name, transaction_date, customer_id) values (36, 6, TO_DATE('2019-04-02','YYYY-MM-DD'), 6);
insert into transaction (transaction_id, branch_name, transaction_date, customer_id) values (37, 7, TO_DATE('2019-05-22','YYYY-MM-DD'), 7);
insert into transaction (transaction_id, branch_name, transaction_date, customer_id) values (38, 8, TO_DATE('2020-03-07','YYYY-MM-DD'), 8);
insert into transaction (transaction_id, branch_name, transaction_date, customer_id) values (39, 9, TO_DATE('2019-05-05','YYYY-MM-DD'), 9);
insert into transaction (transaction_id, branch_name, transaction_date, customer_id) values (40, 10, TO_DATE('2019-06-21','YYYY-MM-DD'), 10);
insert into transaction (transaction_id, branch_name, transaction_date, customer_id) values (41, 11, TO_DATE('2019-12-28','YYYY-MM-DD'), 11);
insert into transaction (transaction_id, branch_name, transaction_date, customer_id) values (42, 12, TO_DATE('2019-07-14','YYYY-MM-DD'), 12);
insert into transaction (transaction_id, branch_name, transaction_date, customer_id) values (43, 13, TO_DATE('2020-01-21','YYYY-MM-DD'), 13);
insert into transaction (transaction_id, branch_name, transaction_date, customer_id) values (44, 14, TO_DATE('2019-07-20','YYYY-MM-DD'), 14);
insert into transaction (transaction_id, branch_name, transaction_date, customer_id) values (45, 15, TO_DATE('2019-4-27','YYYY-MM-DD'), 15);
insert into transaction (transaction_id, branch_name, transaction_date, customer_id) values (46, 16, TO_DATE('2019-10-07','YYYY-MM-DD'), 16);
insert into transaction (transaction_id, branch_name, transaction_date, customer_id) values (47, 17, TO_DATE('2019-07-16','YYYY-MM-DD'), 17);
insert into transaction (transaction_id, branch_name, transaction_date, customer_id) values (48, 18, TO_DATE('2020-03-22','YYYY-MM-DD'), 18);
insert into transaction (transaction_id, branch_name, transaction_date, customer_id) values (49, 19, TO_DATE('2019-03-13','YYYY-MM-DD'), 19);
insert into transaction (transaction_id, branch_name, transaction_date, customer_id) values (50, 20, TO_DATE('2019-03-05','YYYY-MM-DD'), 20);

--delete from transaction;
select * from transaction;
--account
insert into account (account_number, open_date, close_date, customer_id, transaction_id) values (1, TO_DATE('2018-08-22','YYYY-MM-DD'), NULL, 1, 1);
insert into account (account_number, open_date, close_date, customer_id, transaction_id) values (2, TO_DATE('2018-11-04','YYYY-MM-DD'), NULL, 2, 2);
insert into account (account_number, open_date, close_date, customer_id, transaction_id) values (3, TO_DATE('2018-10-01','YYYY-MM-DD'), NULL, 3, 3);
insert into account (account_number, open_date, close_date, customer_id, transaction_id) values (4, TO_DATE('2018-04-12','YYYY-MM-DD'), NULL, 4, 4);
insert into account (account_number, open_date, close_date, customer_id, transaction_id) values (5, TO_DATE('2018-08-04','YYYY-MM-DD'), NULL, 5, 5);
insert into account (account_number, open_date, close_date, customer_id, transaction_id) values (6, TO_DATE('2018-03-31','YYYY-MM-DD'), NULL, 6, 6);
insert into account (account_number, open_date, close_date, customer_id, transaction_id) values (7, TO_DATE('2018-09-05','YYYY-MM-DD'), NULL, 7, 7);
insert into account (account_number, open_date, close_date, customer_id, transaction_id) values (8, TO_DATE('2018-08-17','YYYY-MM-DD'), NULL, 8, 8);
insert into account (account_number, open_date, close_date, customer_id, transaction_id) values (9, TO_DATE('2018-12-09','YYYY-MM-DD'), NULL, 9, 9);
insert into account (account_number, open_date, close_date, customer_id, transaction_id) values (10, TO_DATE('2018-12-13','YYYY-MM-DD'), NULL, 10, 10);
insert into account (account_number, open_date, close_date, customer_id, transaction_id) values (11, TO_DATE('2018-08-19','YYYY-MM-DD'), NULL, 11, 11);
insert into account (account_number, open_date, close_date, customer_id, transaction_id) values (12, TO_DATE('2018-10-10','YYYY-MM-DD'), NULL, 12, 12);
insert into account (account_number, open_date, close_date, customer_id, transaction_id) values (13, TO_DATE('2018-06-20','YYYY-MM-DD'), NULL, 13, 13);
insert into account (account_number, open_date, close_date, customer_id, transaction_id) values (14, TO_DATE('2019-01-21','YYYY-MM-DD'), NULL, 14, 14);
insert into account (account_number, open_date, close_date, customer_id, transaction_id) values (15, TO_DATE('2018-08-20','YYYY-MM-DD'), TO_DATE('2019-07-24','YYYY-MM-DD'), 15, 15);
insert into account (account_number, open_date, close_date, customer_id, transaction_id) values (16, TO_DATE('2019-01-30','YYYY-MM-DD'), NULL, 16, 16);
insert into account (account_number, open_date, close_date, customer_id, transaction_id) values (17, TO_DATE('2018-07-05','YYYY-MM-DD'), NULL, 17, 17);
insert into account (account_number, open_date, close_date, customer_id, transaction_id) values (18, TO_DATE('2018-09-02','YYYY-MM-DD'), NULL, 18, 18);
insert into account (account_number, open_date, close_date, customer_id, transaction_id) values (19, TO_DATE('2018-12-26','YYYY-MM-DD'), NULL, 19, 19);
insert into account (account_number, open_date, close_date, customer_id, transaction_id) values (20, TO_DATE('2019-02-24','YYYY-MM-DD'), NULL, 20, 20);
select * from account;
delete from account;
--Checking
insert into checking (account_number, card_number, checking_interest_rate, checking_balance) values (1, 1, 0.53, 45798);
insert into checking (account_number, card_number, checking_interest_rate, checking_balance) values (2, 2, 2.04, 46055);
insert into checking (account_number, card_number, checking_interest_rate, checking_balance) values (3, 3, 0.28, 58918);
insert into checking (account_number, card_number, checking_interest_rate, checking_balance) values (4, 4, 1.86, 55637);
insert into checking (account_number, card_number, checking_interest_rate, checking_balance) values (5, 5, 0.66, 54003);
insert into checking (account_number, card_number, checking_interest_rate, checking_balance) values (6, 6, 2.46, 25945);
insert into checking (account_number, card_number, checking_interest_rate, checking_balance) values (7, 7, 1.37, 28009);
insert into checking (account_number, card_number, checking_interest_rate, checking_balance) values (8, 8, 0.71, 46815);
insert into checking (account_number, card_number, checking_interest_rate, checking_balance) values (9, 9, 0.93, 31259);
insert into checking (account_number, card_number, checking_interest_rate, checking_balance) values (10, 10, 1.45, 17241);
insert into checking (account_number, card_number, checking_interest_rate, checking_balance) values (11, 11, 0.62, 39724);
insert into checking (account_number, card_number, checking_interest_rate, checking_balance) values (12, 12, 1.77, 24650);
insert into checking (account_number, card_number, checking_interest_rate, checking_balance) values (13, 13, 1.58, 23936);
insert into checking (account_number, card_number, checking_interest_rate, checking_balance) values (14, 14, 0.85, 49790);
insert into checking (account_number, card_number, checking_interest_rate, checking_balance) values (15, 15, 1.42, 38689);
insert into checking (account_number, card_number, checking_interest_rate, checking_balance) values (16, 16, 2.35, 42657);
insert into checking (account_number, card_number, checking_interest_rate, checking_balance) values (17, 17, 2.43, 29223);
insert into checking (account_number, card_number, checking_interest_rate, checking_balance) values (18, 18, 0.31, 16022);
insert into checking (account_number, card_number, checking_interest_rate, checking_balance) values (19, 19, 0.18, 24072);
insert into checking (account_number, card_number, checking_interest_rate, checking_balance) values (20, 20, 0.29, 15598);
select * from checking;
--saving
insert into saving (account_number, saving_interest_rate, saving_balance) values (1, 3.49, 45723);
insert into saving (account_number, saving_interest_rate, saving_balance) values (2, 2.74, 17944);
insert into saving (account_number, saving_interest_rate, saving_balance) values (3, 1.78, 54046);
insert into saving (account_number, saving_interest_rate, saving_balance) values (4, 2.81, 40173);
insert into saving (account_number, saving_interest_rate, saving_balance) values (5, 1.23, 49699);
insert into saving (account_number, saving_interest_rate, saving_balance) values (6, 3.72, 17809);
insert into saving (account_number, saving_interest_rate, saving_balance) values (7, 3.84, 55928);
insert into saving (account_number, saving_interest_rate, saving_balance) values (8, 2.43, 42688);
insert into saving (account_number, saving_interest_rate, saving_balance) values (9, 2.05, 59438);
insert into saving (account_number, saving_interest_rate, saving_balance) values (10, 3.02, 25331);
insert into saving (account_number, saving_interest_rate, saving_balance) values (11, 1.18, 31214);
insert into saving (account_number, saving_interest_rate, saving_balance) values (12, 1.35, 16635);
insert into saving (account_number, saving_interest_rate, saving_balance) values (13, 3.27, 30453);
insert into saving (account_number, saving_interest_rate, saving_balance) values (14, 1.32, 10128);
insert into saving (account_number, saving_interest_rate, saving_balance) values (15, 2.34, 18197);
insert into saving (account_number, saving_interest_rate, saving_balance) values (16, 3.03, 30014);
insert into saving (account_number, saving_interest_rate, saving_balance) values (17, 3.6, 11854);
insert into saving (account_number, saving_interest_rate, saving_balance) values (18, 3.0, 49205);
insert into saving (account_number, saving_interest_rate, saving_balance) values (19, 1.58, 56561);
insert into saving (account_number, saving_interest_rate, saving_balance) values (20, 2.82, 51664);
select * from saving;
--delete from saving;
--credit
insert into credit (account_number, card_number, credit_interest_rate, credit_limit, credit_running_balance, credit_balance_due) values (1, 1, 2.01, 3440, 91521, TO_DATE('2020-12-13','YYYY-MM-DD'));
insert into credit (account_number, card_number, credit_interest_rate, credit_limit, credit_running_balance, credit_balance_due) values (2, 2, 4.95, 2820, 3768, TO_DATE('2020-06-24','YYYY-MM-DD'));
insert into credit (account_number, card_number, credit_interest_rate, credit_limit, credit_running_balance, credit_balance_due) values (3, 3, 4.43, 1096, 3247, TO_DATE('2020-11-24','YYYY-MM-DD'));
insert into credit (account_number, card_number, credit_interest_rate, credit_limit, credit_running_balance, credit_balance_due) values (4, 4, 4.02, 2914, 3627, TO_DATE('2020-12-11','YYYY-MM-DD'));
insert into credit (account_number, card_number, credit_interest_rate, credit_limit, credit_running_balance, credit_balance_due) values (5, 5, 0.77, 1461, 2974, TO_DATE('2020-06-15','YYYY-MM-DD'));
insert into credit (account_number, card_number, credit_interest_rate, credit_limit, credit_running_balance, credit_balance_due) values (6, 6, 2.22, 2261, 4268, TO_DATE('2020-12-07','YYYY-MM-DD'));
insert into credit (account_number, card_number, credit_interest_rate, credit_limit, credit_running_balance, credit_balance_due) values (7, 7, 0.53, 1211, 2738, TO_DATE('2020-06-28','YYYY-MM-DD'));
insert into credit (account_number, card_number, credit_interest_rate, credit_limit, credit_running_balance, credit_balance_due) values (8, 8, 3.51, 1676, 4489, TO_DATE('2021-03-26','YYYY-MM-DD'));
insert into credit (account_number, card_number, credit_interest_rate, credit_limit, credit_running_balance, credit_balance_due) values (9, 9, 2.23, 3813, 2721, TO_DATE('2020-08-31','YYYY-MM-DD'));
insert into credit (account_number, card_number, credit_interest_rate, credit_limit, credit_running_balance, credit_balance_due) values (10, 10, 1.15, 1816, 2886, TO_DATE('2020-12-18','YYYY-MM-DD'));
insert into credit (account_number, card_number, credit_interest_rate, credit_limit, credit_running_balance, credit_balance_due) values (11, 11, 1.53, 2336, 3295, TO_DATE('2021-01-06','YYYY-MM-DD'));
insert into credit (account_number, card_number, credit_interest_rate, credit_limit, credit_running_balance, credit_balance_due) values (12, 12, 1.77, 2955, 1610, TO_DATE('2020-11-02','YYYY-MM-DD'));
insert into credit (account_number, card_number, credit_interest_rate, credit_limit, credit_running_balance, credit_balance_due) values (13, 13, 2.75, 4424, 2782, TO_DATE('2020-10-26','YYYY-MM-DD'));
insert into credit (account_number, card_number, credit_interest_rate, credit_limit, credit_running_balance, credit_balance_due) values (14, 14, 1.84, 1333, 4976, TO_DATE('2021-01-29','YYYY-MM-DD'));
insert into credit (account_number, card_number, credit_interest_rate, credit_limit, credit_running_balance, credit_balance_due) values (15, 15, 4.8, 2075, 1181, TO_DATE('2020-08-28','YYYY-MM-DD'));
insert into credit (account_number, card_number, credit_interest_rate, credit_limit, credit_running_balance, credit_balance_due) values (16, 16, 4.54, 4329, 2974, TO_DATE('2020-11-17','YYYY-MM-DD'));
insert into credit (account_number, card_number, credit_interest_rate, credit_limit, credit_running_balance, credit_balance_due) values (17, 17, 2.46, 4482, 1420, TO_DATE('2020-11-14','YYYY-MM-DD'));
insert into credit (account_number, card_number, credit_interest_rate, credit_limit, credit_running_balance, credit_balance_due) values (18, 18, 4.89, 2654, 1204, TO_DATE('2021-02-12','YYYY-MM-DD'));
insert into credit (account_number, card_number, credit_interest_rate, credit_limit, credit_running_balance, credit_balance_due) values (19, 19, 0.86, 4211, 1154, TO_DATE('2020-08-26','YYYY-MM-DD'));
insert into credit (account_number, card_number, credit_interest_rate, credit_limit, credit_running_balance, credit_balance_due) values (20, 20, 0.72, 2216, 4663, TO_DATE('2020-09-16','YYYY-MM-DD'));
select * from credit;
--delete from credit;
--card
insert into card (card_number, card_type) values (1, 'debit');
insert into card (card_number, card_type) values (2, 'debit');
insert into card (card_number, card_type) values (3, 'debit');
insert into card (card_number, card_type) values (4, 'debit');
insert into card (card_number, card_type) values (5, 'debit');
insert into card (card_number, card_type) values (6, 'debit');
insert into card (card_number, card_type) values (7, 'debit');
insert into card (card_number, card_type) values (8, 'debit');
insert into card (card_number, card_type) values (9, 'debit');
insert into card (card_number, card_type) values (10, 'debit');
insert into card (card_number, card_type) values (11, 'credit');
insert into card (card_number, card_type) values (12, 'credit');
insert into card (card_number, card_type) values (13, 'credit');
insert into card (card_number, card_type) values (14, 'credit');
insert into card (card_number, card_type) values (15, 'credit');
insert into card (card_number, card_type) values (16, 'credit');
insert into card (card_number, card_type) values (17, 'credit');
insert into card (card_number, card_type) values (18, 'credit');
insert into card (card_number, card_type) values (19, 'credit');
insert into card (card_number, card_type) values (20, 'credit');
select * from card;
--delete from card;
--debt_card
insert into debit_card (card_number, debt_amount) values (1, 467);
insert into debit_card (card_number, debt_amount) values (2, 731);
insert into debit_card (card_number, debt_amount) values (3, 317);
insert into debit_card (card_number, debt_amount) values (4, 155);
insert into debit_card (card_number, debt_amount) values (5, 167);
insert into debit_card (card_number, debt_amount) values (6, 155);
insert into debit_card (card_number, debt_amount) values (7, 749);
insert into debit_card (card_number, debt_amount) values (8, 988);
insert into debit_card (card_number, debt_amount) values (9, 586);
insert into debit_card (card_number, debt_amount) values (10, 784);
select * from debit_card;
--delete from debit_card;
--credit_card
insert into credit_card (card_number, credit_amount) values (11, 689);
insert into credit_card (card_number, credit_amount) values (12, 862);
insert into credit_card (card_number, credit_amount) values (13, 165);
insert into credit_card (card_number, credit_amount) values (14, 727);
insert into credit_card (card_number, credit_amount) values (15, 132);
insert into credit_card (card_number, credit_amount) values (16, 661);
insert into credit_card (card_number, credit_amount) values (17, 956);
insert into credit_card (card_number, credit_amount) values (18, 402);
insert into credit_card (card_number, credit_amount) values (19, 558);
insert into credit_card (card_number, credit_amount) values (20, 771);
--delete from credit_card;
select * from credit_card;
--select * from payment;
--payment
insert into payment (transaction_id, payment_number, loan_number, account_number, amount, card_number) values (1, 1, 1, 1, 113, NULL);
insert into payment (transaction_id, payment_number, loan_number, account_number, amount, card_number) values (2, 2, 2, 2, 131, NULL);
insert into payment (transaction_id, payment_number, loan_number, account_number, amount, card_number) values (3, 3, 3, 3, 31, NULL);
insert into payment (transaction_id, payment_number, loan_number, account_number, amount, card_number) values (4, 4, 4, 4, 78, NULL);
insert into payment (transaction_id, payment_number, loan_number, account_number, amount, card_number) values (5, 5, 5, 5, 89, NULL);
insert into payment (transaction_id, payment_number, loan_number, account_number, amount, card_number) values (6, 6, 6, 6, 96, NULL);
insert into payment (transaction_id, payment_number, loan_number, account_number, amount, card_number) values (7, 7, 7, 7, 87, NULL);
insert into payment (transaction_id, payment_number, loan_number, account_number, amount, card_number) values (8, NULL, NULL, 8, 91, 11);
insert into payment (transaction_id, payment_number, loan_number, account_number, amount, card_number) values (9, 9, 9, 9, 127, NULL);
insert into payment (transaction_id, payment_number, loan_number, account_number, amount, card_number) values (10, 10, 10, 10, 123, NULL);
select * from payment;
--delete from payment;
--deposit
insert into deposit (transaction_id, account_number, amount, card_number, branch_name) values (11, 11, 89, 1, 11);
insert into deposit (transaction_id, account_number, amount, card_number, branch_name) values (12, 12, 684, 2, 12);
insert into deposit (transaction_id, account_number, amount, card_number, branch_name) values (13, 13, 264, 3, 13);
insert into deposit (transaction_id, account_number, amount, card_number, branch_name) values (14, 14, 349, 4, 14);
insert into deposit (transaction_id, account_number, amount, card_number, branch_name) values (15, 15, 589, 5, 15);
insert into deposit (transaction_id, account_number, amount, card_number, branch_name) values (16, 16, 153, 6, 16);
insert into deposit (transaction_id, account_number, amount, card_number, branch_name) values (17, 17, 73, 7, 17);
insert into deposit (transaction_id, account_number, amount, card_number, branch_name) values (18, 18, 211, 8, 18);
insert into deposit (transaction_id, account_number, amount, card_number, branch_name) values (19, 19, 135, 9, 19);
insert into deposit (transaction_id, account_number, amount, card_number, branch_name) values (20, 20, 93, 10, 20);
--delete from deposit;
select * from deposit;
--withdraw
insert into withdraw (transaction_id, account_number, amount, card_number, branch_name) values (21, 1, 34, 1, 1);
insert into withdraw (transaction_id, account_number, amount, card_number, branch_name) values (22, 2, 14, 2, 2);
insert into withdraw (transaction_id, account_number, amount, card_number, branch_name) values (23, 3, 32, 3, 3);
insert into withdraw (transaction_id, account_number, amount, card_number, branch_name) values (24, 4, 29, 4, 4);
insert into withdraw (transaction_id, account_number, amount, card_number, branch_name) values (25, 5, 19, 5, 5);
insert into withdraw (transaction_id, account_number, amount, card_number, branch_name) values (26, 6, 13, 6, 6);
insert into withdraw (transaction_id, account_number, amount, card_number, branch_name) values (27, 7, 33, 7, 7);
insert into withdraw (transaction_id, account_number, amount, card_number, branch_name) values (28, 8, 41, 8, 8);
insert into withdraw (transaction_id, account_number, amount, card_number, branch_name) values (29, 9, 15, 9, 9);
insert into withdraw (transaction_id, account_number, amount, card_number, branch_name) values (30, 10, 9, 10, 10);
select * from withdraw;
--transfer
insert into transfer (transaction_id, account_number, amount) values (31, 1, 34);
insert into transfer (transaction_id, account_number, amount) values (32, 2, 14);
insert into transfer (transaction_id, account_number, amount) values (33, 3, 32);
insert into transfer (transaction_id, account_number, amount) values (34, 4, 29);
insert into transfer (transaction_id, account_number, amount) values (35, 5, 19);
insert into transfer (transaction_id, account_number, amount) values (36, 6, 13);
insert into transfer (transaction_id, account_number, amount) values (37, 7, 33);
insert into transfer (transaction_id, account_number, amount) values (38, 8, 41);
insert into transfer (transaction_id, account_number, amount) values (39, 9, 15);
insert into transfer (transaction_id, account_number, amount) values (40, 10, 9);
select * from transfer;
--purchase
insert into purchase (transaction_id, account_number, amount, card_number) values (41, 11, 21, 1);
insert into purchase (transaction_id, account_number, amount, card_number) values (42, 12, 47, 2);
insert into purchase (transaction_id, account_number, amount, card_number) values (43, 13, 64, 3);
insert into purchase (transaction_id, account_number, amount, card_number) values (44, 14, 49, 4);
insert into purchase (transaction_id, account_number, amount, card_number) values (45, 15, 89, 5);
insert into purchase (transaction_id, account_number, amount, card_number) values (46, 16, 53, 11);
insert into purchase (transaction_id, account_number, amount, card_number) values (47, 17, 8, 12);
insert into purchase (transaction_id, account_number, amount, card_number) values (48, 18, 11, 13);
insert into purchase (transaction_id, account_number, amount, card_number) values (49, 19, 15, 14);
insert into purchase (transaction_id, account_number, amount, card_number) values (50, 20, 23, 15);
--delete from purchase;
select * from purchase;
--select * from branch;
--delete from saving;
--delete from credits;
--delete from checking;
--delete from debt_card;
--commit;
select * from account natural join checking natural join saving where checking_balance >50000;
